Portal_Rank,Name,Position,Year,Height,Weight,Hometown,ON3 Rating,IND Comparison,NIL Value,Date Entered,NIL_numeric,Ratings_Rank,Team,OBPR,DBPR,BPR,Poss,Box_OBPR,Box_DBPR,Box_BPR,Adj_Team_Off_Eff,Adj_Team_Def_Eff,Adj_Team_Eff_Margin,DBPR_score,OBPR_score,BPR_score,COMP_score,composite_score,score_source,tier
5.0,Milan Momcilovic,PF,JR,6-8,210.0,"Pewaukee, WI",97.0,95.82,$2M,4/12/2026,2000000.0,34.0,Iowa State,6.06,2.45,8.5,1926.0,6.69,0.8,7.49,123.0,87.5,35.6,77.16894977168951,100.0,100.0,100.0,90.86757990867581,Full Metrics,Tier 1
6.0,Tounde Yessoufou,SF,FR,6-5,210.0,"Santa Maria, CA",96.0,98.27,$1.4M,4/21/2026,1400000.0,220.0,Baylor,3.09,1.99,5.08,1882.0,3.76,2.47,6.23,116.9,103.2,13.7,70.16742770167428,70.32967032967034,72.5521669341894,66.5137614678899,70.13688627010868,Full Metrics,Tier 1
7.0,Allen Graves,PF,RS-FR,6-9,225.0,"Ponchatoula, LA",96.0,,,4/10/2026,,58.0,Santa Clara,5.58,2.07,7.64,1334.0,6.75,3.31,10.05,122.6,104.6,18.0,71.38508371385083,95.20479520479522,93.09791332263242,73.08868501529051,81.9381177035592,Full Metrics,Tier 1
86.0,Hamad Mousa,SG,SO,6-8,200.0,Doha,93.0,,$423K,4/08/2026,423000.0,936.0,Cal Poly,2.68,-0.6,2.08,1798.0,3.31,-0.04,3.26,107.5,112.4,-4.9,30.745814307458147,66.23376623376625,48.47512038523274,38.07339449541284,44.262800532783295,Full Metrics,Tier 1
253.0,David Fuchs,PF,JR,6-9,245.0,Vienna,93.0,,,4/10/2026,,993.0,San Francisco,1.0,0.89,1.89,1141.0,2.23,0.67,2.9,105.7,105.3,0.3,53.42465753424658,49.45054945054946,46.950240770465484,46.02446483180427,50.02621825519974,Full Metrics,Tier 1
79.0,Tijan Saine Jr.,PG,RS-JR,5-10,175.0,"Everett, WA",93.0,,,3/30/2026,,834.0,Weber State,3.71,-1.28,2.43,1756.0,4.46,-0.65,3.81,107.0,112.9,-5.9,20.395738203957386,76.52347652347653,51.28410914927768,36.544342507645254,43.02763761845441,Full Metrics,Tier 1
191.0,Robert Miller III,PF,SO,6-10,225.0,"Houston, TX",93.0,94.47,,4/10/2026,,415.0,LSU,1.08,2.89,3.97,1020.0,0.84,3.22,4.06,111.8,103.4,8.4,83.86605783866058,50.24975024975026,63.64365971107544,58.409785932721704,67.59906053002514,Full Metrics,Tier 1
409.0,Christian Bliss,SG,RS-SO,6-4,205.0,"Brooklyn, NY",92.0,89.42,Expected,,,1044.0,Delaware,1.77,-0.03,1.74,1920.0,2.68,0.87,3.55,100.6,113.2,-12.6,39.42161339421614,57.14285714285715,45.74638844301765,26.299694189602445,43.14859146044464,Full Metrics,Tier 1
139.0,Cayden Charles,SG,SR,6-3,185.0,"Kennesaw, GA",92.0,,,4/11/2026,,681.0,Saint Bonaventure,2.19,0.67,2.86,1881.0,2.53,1.33,3.86,111.6,108.0,3.6,50.076103500761036,61.338661338661346,54.73515248796147,51.0703363914373,53.97268769127764,Full Metrics,Tier 1
134.0,Vyctorius Miller,SG,SO,6-5,170.0,"North Hollywood, CA",92.0,95.11,$272K,4/07/2026,272000.0,650.0,Oklahoma State,2.37,0.6,2.97,1516.0,2.18,0.96,3.14,114.1,106.2,7.9,49.010654490106546,63.13686313686314,55.61797752808988,57.64525993883792,55.15886207670208,Full Metrics,Tier 1
341.0,Sebastian Mack,SG,JR,6-3,195.0,"Chicago, IL",90.0,94.58,,4/01/2026,,1849.0,Missouri,-0.52,0.41,-0.11,504.0,-1.98,0.03,-1.95,108.2,104.7,3.5,46.11872146118722,34.26573426573427,30.89887640449438,50.917431192660544,40.83131211070642,Full Metrics,Tier 1
,Jeremy Dent-Smith,SG,SR,6-1,195.0,"Gardena, CA",90.0,,,4/10/2026,,854.0,Stanford,1.79,0.56,2.35,1132.0,1.39,0.56,1.95,112.1,103.2,8.9,48.40182648401827,57.34265734265735,50.64205457463884,59.1743119266055,52.70095263319024,Full Metrics,Tier 1
,Jan Vide,SG,JR,6-6,200.0,Domzale,90.0,,,4/01/2026,,1086.0,Loyola Marymount,0.79,0.86,1.65,1261.0,-0.03,0.05,0.03,107.2,102.5,4.6,52.96803652968037,47.35264735264736,45.02407704654895,52.59938837920489,49.92010011622451,Full Metrics,Tier 1
,Mayar Wol,PF,JR,6-8,175.0,"Fuquay Varina, NC",90.0,86.88,Expected,,,1297.0,Bowling Green,1.31,-0.21,1.09,1054.0,1.08,0.03,1.1,107.2,106.0,1.3,36.68188736681888,52.54745254745255,40.52969502407704,47.55351681957186,43.04858461134187,Full Metrics,Tier 1
,Skylar Wicks,SG,JR,6-6,200.0,"Clearwater, FL",89.0,,,3/27/2026,,2237.0,Saint Francis (PA),0.09,-1.11,-1.01,1654.0,0.73,0.13,0.86,96.4,119.1,-22.7,22.983257229832574,40.359640359640366,23.67576243980738,10.85626911314985,25.646805836777073,Full Metrics,Tier 1
,Jaden Winston,SG,JR,6-0,160.0,"Hyattsville, MD",89.0,,,3/25/2026,,1302.0,Manhattan,1.62,-0.55,1.07,1884.0,2.12,0.07,2.19,101.8,117.4,-15.6,31.506849315068493,55.644355644355656,40.36918138041733,21.712538226299692,37.844545647144734,Full Metrics,Tier 1
,Jacoi Hutchinson,PG,JR,6-2,180.0,"Silver Spring, MD",89.0,86.03,,3/24/2026,,1362.0,Longwood,0.87,0.07,0.94,1480.0,1.11,-0.4,0.72,101.4,108.1,-6.7,40.94368340943684,48.15184815184816,39.32584269662921,35.32110091743119,41.5787690786773,Full Metrics,Tier 1
,Devin Dinkins,PG,SR,5-10,155.0,"Washington, DC",89.0,82.63,,3/24/2026,,2523.0,Manhattan,0.74,-2.52,-1.78,1797.0,0.32,-1.91,-1.6,100.6,118.2,-17.6,1.5220700152207058,46.85314685314686,17.495987158908505,18.654434250764524,18.619477288771378,Full Metrics,Tier 1
,Montavious Myrick,PF,SR,6-8,208.0,"Atlanta, GA",89.0,,,3/26/2026,,1335.0,Eastern Kentucky,1.24,-0.25,0.99,1468.0,0.89,0.1,1.0,107.8,115.9,-8.1,36.073059360730596,51.84815184815186,39.72712680577849,33.18042813455657,40.31375128766939,Full Metrics,Tier 1
,Okechukwu Okeke,PF,SR,6-9,235.0,"East Chicago, IN",89.0,,,3/11/2026,,2009.0,Albany,-0.09,-0.39,-0.48,1445.0,-0.2,0.73,0.53,103.1,115.3,-12.2,33.94216133942162,38.561438561438564,27.929373996789725,26.911314984709477,32.83979622319266,Full Metrics,Tier 1
,Brady Swartz,SG,FR,6-7,195.0,"Grand Rapids, MI",89.0,,,3/19/2026,,2338.0,Western Michigan,-0.39,-0.86,-1.25,846.0,0.35,-0.85,-0.5,102.5,112.1,-9.6,26.788432267884325,35.56443556443557,21.749598715890848,30.886850152905197,28.58942906437657,Full Metrics,Tier 1
,Cayden Ward,SG,SO,6-6,210.0,"Stockton, CA",89.0,,Expected,,,1902.0,Cal Poly,0.49,-0.7,-0.22,1774.0,0.65,-0.23,0.42,105.5,112.5,-7.0,29.22374429223745,44.35564435564436,30.016051364365968,34.862385321100916,34.0109768768444,Full Metrics,Tier 1
,Sean Logan,PF,SR,6-10,215.0,"Westfield, NJ",89.0,,,3/20/2026,,1117.0,Davidson,-1.77,3.33,1.56,630.0,-2.21,2.77,0.56,104.2,93.9,10.4,90.56316590563166,21.77822177822178,44.301765650080256,61.46788990825687,59.7503584230627,Full Metrics,Tier 1
,JaJuan Nicholls,PF,JR,6-8,220.0,"Scranton, PA",89.0,,,3/26/2026,,1720.0,Tennessee Tech,1.38,-1.21,0.17,870.0,2.37,-0.34,2.02,102.9,116.9,-14.0,21.461187214611876,53.24675324675325,33.146067415730336,24.159021406727827,32.14922989168831,Full Metrics,Tier 1
,Trevon Payton,SG,RS-JR,6-5,215.0,"Snellville, GA",89.0,,Expected,,,2498.0,Arkansas-Pine Blu!,0.57,-2.27,-1.7,1812.0,1.34,-0.95,0.39,100.1,118.1,-18.0,5.327245053272456,45.15484515484516,18.13804173354735,18.04281345565749,19.753639675078364,Full Metrics,Tier 1
,Marcus Kell,SF,SR,6-8,213.0,"Rock Hill, SC",89.0,,,3/20/2026,,1514.0,Western Carolina,1.25,-0.66,0.59,1498.0,0.92,-0.69,0.23,109.3,110.8,-1.5,29.832572298325726,51.948051948051955,36.51685393258427,43.27217125382263,38.71423838093353,Full Metrics,Tier 1
,Sola Adebisi,SF,SR,6-7,205.0,"Alpharetta, GA",88.0,,,3/24/2026,,1636.0,The Citadel,0.46,-0.13,0.33,1498.0,0.36,0.53,0.89,101.9,116.3,-14.4,37.89954337899544,44.05594405594406,34.430176565008026,23.547400611620795,36.59194877032892,Full Metrics,Tier 1
,Ruot Bijiek,SF,SR,6-8,185.0,"West Des Moines, IA",88.0,,,2/24/2026,,2427.0,Bucknell,-1.12,-0.36,-1.48,590.0,-2.35,-0.63,-2.98,89.8,109.3,-19.5,34.398782343987826,28.27172827172827,19.903691813804173,15.749235474006117,27.17056868938895,Full Metrics,Tier 1
,Zion Russell,PG,SR,6-0,185.0,"Upper Marlboro, MD",88.0,,,3/25/2026,,2545.0,Saint Francis (PA),-0.52,-1.32,-1.84,1364.0,0.58,0.11,0.7,94.3,119.8,-25.5,19.786910197869105,34.26573426573427,17.01444622792937,6.574923547400616,20.870325423277176,Full Metrics,Tier 1
,Tybo Bailey,SG,SO,6-3,170.0,"Mouth Of Wilson, VA",88.0,88.94,,3/30/2026,,2777.0,East Carolina,-2.66,-0.08,-2.74,757.0,-2.76,-0.87,-3.63,93.0,105.1,-12.1,38.660578386605785,12.887112887112888,9.79133226324237,27.06422018348624,24.703909056591947,Full Metrics,Tier 1
,Gestin Liberis,PF,JR,6-9,215.0,"Havertown, PA",88.0,,,3/26/2026,,2813.0,Saint Francis (PA),-1.86,-1.08,-2.94,1220.0,-0.91,-1.53,-2.45,93.8,114.2,-20.4,23.439878234398783,20.87912087912088,8.186195826645264,14.373088685015293,18.38893398162108,Full Metrics,Tier 1
,Jaxon Edwards,SG,SR,6-6,195.0,"Indianapolis, IN",88.0,,,3/19/2026,,2173.0,IU Indy,0.07,-0.89,-0.82,1222.0,0.95,0.59,1.54,103.8,117.7,-13.9,26.331811263318116,40.159840159840165,25.200642054574637,24.311926605504585,29.259601947027903,Full Metrics,Tier 1
,Pedro Santos,SG,RS-FR,6-7,200.0,Portugal,88.0,,,3/18/2026,,2253.0,Tennessee-Martin,-2.08,1.04,-1.04,872.0,-0.56,0.81,0.25,92.7,101.3,-8.6,55.70776255707763,18.681318681318682,23.434991974317814,32.415902140672785,36.502818409125204,Full Metrics,Tier 1
,Melian Martinez,C,SO,6-9,230.0,"Cerritos, CA",88.0,,,3/18/2026,,1728.0,Louisiana Tech,-1.12,1.28,0.15,745.0,-0.74,1.03,0.29,99.9,100.9,-1.0,59.36073059360731,28.27172827172827,32.985553772070624,44.03669724770642,44.01483964694508,Full Metrics,Tier 1
,Jack Payne,SG,SR,6-6,195.0,"Boise, ID",88.0,,,3/23/2026,,1501.0,Idaho,0.44,0.18,0.63,1162.0,0.44,-0.06,0.38,102.4,107.4,-5.1,42.61796042617961,43.85614385614386,36.83788121990369,37.76758409785933,41.04393399316744,Full Metrics,Tier 1
,Caleb Blackwell,PG,RS-JR,6-1,185.0,"Buford, GA",87.0,,Expected,,,1668.0,UTEP,-0.05,0.32,0.27,1288.0,0.85,0.23,1.08,98.3,106.0,-7.7,44.74885844748859,38.961038961038966,33.94863563402889,33.79204892966361,39.4983375855105,Full Metrics,Tier 1
,Jaylen Washington,PG,SO,5-9,155.0,"Dallas, TX",87.0,,,3/23/2026,,786.0,Texas-Rio Grande Valley,2.58,-0.03,2.56,1390.0,3.3,-0.22,3.07,111.4,105.0,6.3,39.42161339421614,65.23476523476523,52.327447833065804,55.19877675840978,50.822642746752386,Full Metrics,Tier 1
,Camp Wagner,SG,JR,6-6,190.0,"Dallas, TX",87.0,,,3/18/2026,,1610.0,Indiana State,0.5,-0.12,0.38,1526.0,0.97,0.12,1.09,101.1,107.0,-5.9,38.051750380517504,44.45554445554446,34.8314606741573,36.544342507645254,38.78252977707137,Full Metrics,Tier 1
,Hunter Adam,SG,RS-JR,6-7,225.0,New Zealand,87.0,,,3/20/2026,,1015.0,Davidson,1.67,0.16,1.83,761.0,2.51,0.01,2.51,108.3,104.5,3.9,42.31354642313546,56.14385614385615,46.468699839486355,51.52905198776758,47.98448037128064,Full Metrics,Tier 1
,Elijah Elliott,SG,SO,6-2,170.0,"Orlando, FL",87.0,83.50,,3/18/2026,,1008.0,New Mexico State,1.77,0.07,1.84,945.0,1.24,0.19,1.43,111.9,108.1,3.8,40.94368340943684,57.14285714285715,46.54895666131621,51.37614678899082,47.679401000100896,Full Metrics,Tier 1
,Mike Evbagharu,SG,JR,6-4,220.0,Canada,86.0,,Expected,,,2313.0,Canisius,-0.46,-0.74,-1.2,1574.0,0.57,-0.3,0.27,93.5,113.2,-19.7,28.614916286149167,34.86513486513487,22.150882825040128,15.443425076452598,26.9089405572193,Full Metrics,Tier 1
,Andrew Ball,SG,RS-SO,6-9,215.0,"Medford, NJ",86.0,,,3/13/2026,,1486.0,Monmouth,0.3,0.37,0.67,1157.0,0.54,0.12,0.66,106.3,102.7,3.6,45.50989345509894,42.45754245754246,37.15890850722311,51.0703363914373,43.91067515658541,Full Metrics,Tier 1
,Joah Chappelle,SF,SO,6-9,185.0,"Atlanta, GA",86.0,,,3/17/2026,,2753.0,Georgia State,-1.66,-0.96,-2.62,1044.0,-1.21,0.02,-1.2,95.4,113.6,-18.2,25.266362252663626,22.87712287712288,10.75441412520064,17.737003058103976,20.6372589041019,Full Metrics,Tier 1
,Cameron Tweedy,SF,SR,6-6,220.0,"Waldorf, MD",85.0,,Expected,,,2934.0,Saint Francis (PA),-1.1,-2.62,-3.72,676.0,-1.44,-1.67,-3.11,95.0,124.9,-29.8,0.0,28.471528471528472,1.9261637239165275,0.0,7.503114862665424,Full Metrics,Tier 1
,Always Wright,SG,RS-JR,6-3,175.0,"Joplin, MO",85.0,,Expected,,,2580.0,Texas-Rio Grande Valley,-1.77,-0.18,-1.94,788.0,-2.38,-1.01,-3.39,103.8,102.3,1.4,37.138508371385086,21.77822177822178,16.211878009630816,47.70642201834862,30.698297697787936,Full Metrics,Tier 1
,Mookie Cook,SF,JR,6-7,200.0,"Jefferson, OR",,96.58,,4/01/2026,,1104.0,San Francisco,1.27,0.32,1.59,846.0,0.68,1.29,1.97,111.2,109.6,1.6,44.74885844748859,52.147852147852156,44.54253611556982,48.01223241590213,47.04684850145776,Full Metrics,Tier 1
,Larry Johnson,SG,SO,6-4,175.0,"Savannah, GA",,92.63,Expected,,,288.0,McNeese State,3.74,0.9,4.64,1413.0,3.92,0.23,4.16,113.4,98.7,14.7,53.57686453576865,76.82317682317684,69.02086677367575,68.04281345565748,64.64713539318544,Full Metrics,Tier 1
,Gabe Cupps,PG,JR,6-2,165.0,"Dayton, OH",,92.47,Expected,,,1476.0,Ohio State,0.31,0.38,0.69,664.0,-0.78,0.17,-0.6,118.8,100.6,18.3,45.662100456621005,42.55744255744256,37.31942215088282,73.54740061162079,47.40019534392873,Full Metrics,Tier 1
,Jordan Burks,SF,JR,6-9,180.0,"Decatur, AL",,87.94,,4/23/2026,,449.0,UCF,2.82,1.04,3.85,1674.0,3.48,1.45,4.93,114.7,103.5,11.2,55.70776255707763,67.63236763236765,62.68057784911717,62.69113149847094,61.130982225517045,Full Metrics,Tier 1
,Luka Toews,PG,SO,5-11,155.0,"Boston, MA",,83.00,Expected,,,1863.0,Boston College,-0.47,0.33,-0.14,1033.0,0.66,0.03,0.69,98.4,100.5,-2.1,44.90106544901066,34.765234765234766,30.658105939004813,42.354740061162076,39.13656706788823,Full Metrics,Tier 1
,Makaih Williams,SG,JR,6-2,190.0,"San Juan Capistrano, CA",,,Expected,,,369.0,Grand Canyon,2.73,1.46,4.19,1478.0,3.19,0.35,3.53,110.0,95.9,14.2,62.10045662100457,66.73326673326675,65.40930979133226,67.27828746177369,64.69710440925101,Full Metrics,Tier 1
,Arterio Morris,PG,SR,6-3,190.0,"Dallas, TX",,98.26,,4/03/2026,,2222.0,Bethune-Cookman,-1.38,0.41,-0.97,1428.0,-2.83,0.98,-1.84,103.2,110.7,-7.5,46.11872146118722,25.67432567432568,23.996789727126803,34.09785932721712,34.780106847564234,Full Metrics,Tier 1
,Ernest Udeh Jr.,C,SR,6-10,250.0,"Orlando, FL",,97.26,,4/22/2026,,207.0,Miami (Fla.),1.95,3.24,5.2,1579.0,1.37,2.77,4.14,120.1,96.4,23.7,89.19330289193303,58.94105894105895,73.51524879614767,81.80428134556574,77.38627785310234,Full Metrics,Tier 1
,Elijah Fisher,SG,SR,6-6,190.0,"Toronto, ON",,97.19,,4/11/2026,,629.0,Seton Hall,0.35,2.68,3.03,1158.0,0.59,1.7,2.29,104.3,88.1,16.2,80.66971080669711,42.95704295704296,56.09951845906902,70.33639143730886,64.77750746934971,Full Metrics,Tier 1
,Skyy Clark,PG,SR,6-3,200.0,"Los Angeles, CA",,96.67,,4/07/2026,,136.0,UCLA,4.23,1.79,6.02,1230.0,3.51,1.07,4.58,121.3,98.8,22.4,67.12328767123287,81.71828171828173,80.09630818619581,79.81651376146789,75.27062419952294,Full Metrics,Tier 1
,Seth Trimble,PG,SR,6-3,185.0,"Menomonee Falls, WI",,96.19,,4/20/2026,,404.0,North Carolina,3.06,0.99,4.04,1354.0,2.79,1.16,3.95,119.3,101.9,17.3,54.946727549467276,70.02997002997003,64.20545746388443,72.0183486238532,63.13002731363429,Full Metrics,Tier 1
,Mikey Williams,SG,RS-SO,6-2,190.0,"San Diego, CA",,$2.3M,,4/16/2026,,2509.0,Sacramento State,-0.76,-0.97,-1.73,1189.0,-0.57,-0.19,-0.76,100.2,113.1,-12.9,25.114155251141554,31.868131868131872,17.897271268057782,25.84097859327217,25.46829611009197,Full Metrics,Tier 1
,Chris Johnson,PG,JR,6-4,180.0,"Missouri City, TX",,95.33,,4/08/2026,,750.0,UCF,2.76,-0.13,2.64,883.0,3.44,0.48,3.92,116.6,106.3,10.3,37.89954337899544,67.03296703296704,52.96950240770465,61.314984709480115,51.70920729780289,Full Metrics,Tier 1
,Aidan Shaw,SF,SR,6-8,195.0,"Stilwell, KS",,94.77,,4/20/2026,,1583.0,Boston College,-1.0,1.44,0.44,1302.0,-0.73,1.78,1.04,98.3,101.8,-3.5,61.796042617960424,29.470529470529474,35.313001605136435,40.21406727828746,45.180759827586954,Full Metrics,Tier 1
,Kamari Lands,SF,SR,6-8,220.0,"Indianapolis, IN",,94.45,,4/09/2026,,1439.0,Middle Tennessee,0.66,0.13,0.79,1458.0,1.85,0.6,2.45,102.8,108.9,-6.1,41.856925418569254,46.053946053946056,38.121990369181376,36.23853211009174,41.31643457126425,Full Metrics,Tier 1
,Ven-Allen Lubin,PF,SR,6-8,226.0,"Orlando, FL",,94.08,,4/21/2026,,274.0,NC State,3.57,1.17,4.74,1660.0,4.34,1.2,5.54,119.2,101.0,18.2,57.68645357686454,75.12487512487513,69.82343499197432,73.39449541284402,66.82966152228607,Full Metrics,Tier 1
,Jalen Washington,PF,SR,6-9,210.0,"Gary, IN",,94.06,,4/21/2026,,223.0,Vanderbilt,2.83,2.22,5.05,1297.0,2.92,2.66,5.57,123.2,97.8,25.3,73.66818873668188,67.73226773226774,72.31139646869983,84.25076452599387,73.50023640037874,Full Metrics,Tier 1
,Riley Kugel,SG,SR,6-5,185.0,"Orlando, FL",,93.96,,4/21/2026,,319.0,UCF,2.92,1.54,4.46,1604.0,3.16,1.07,4.23,115.3,100.9,14.3,63.31811263318113,68.63136863136864,67.57624398073835,67.43119266055045,66.11501490634485,Full Metrics,Tier 1
,Zion Cruz,SG,SR,6-5,175.0,"Hillside, NJ",,93.80,,4/14/2026,,2513.0,Rider,-0.33,-1.4,-1.73,1408.0,-0.1,-0.9,-1.01,93.6,116.6,-23.0,18.569254185692547,36.163836163836166,17.897271268057782,10.39755351681957,21.607747996370556,Full Metrics,Tier 1
,Jayden Epps,SG,SR,6-2,195.0,"Suffolk, VA",,93.58,,4/21/2026,,1068.0,Mississippi State,1.64,0.03,1.67,1473.0,1.56,0.79,2.35,108.7,106.5,2.2,40.334855403348556,55.84415584415585,45.184590690208665,48.929663608562684,46.47134880170452,Full Metrics,Tier 1
,Dan Skillings Jr.,SG,SR,6-5,180.0,"Philadelphia, PA",,93.58,,4/20/2026,,551.0,Baylor,2.63,0.7,3.33,1244.0,2.42,1.08,3.5,120.2,104.7,15.5,50.532724505327245,65.73426573426573,58.507223113964685,69.26605504587155,58.738009115371,Full Metrics,Tier 1
,Desmond Claude,PG,SR,6-5,180.0,"Oakdale, CT",,93.52,,4/12/2026,,633.0,Washington,2.15,0.87,3.02,583.0,0.72,-0.8,-0.09,115.7,99.8,15.9,53.12024353120244,60.939060939060944,56.01926163723916,69.87767584097858,58.168366350840834,Full Metrics,Tier 1
,Tyler Nickel,SF,SR,6-7,220.0,"Elkton, VA",,93.44,,4/20/2026,,138.0,Vanderbilt,4.99,1.02,6.02,1954.0,4.15,1.4,5.55,125.9,97.6,28.4,55.403348554033485,89.31068931068933,80.09630818619581,88.99082568807339,73.8568972397359,Full Metrics,Tier 1
,Ty-Laur Johnson,PG,JR,6-0,160.0,"Newark, NJ",,93.28,Expected,,,1142.0,San Diego,0.52,0.97,1.49,1130.0,1.39,1.45,2.84,101.9,113.0,-11.0,54.64231354642314,44.65534465534466,43.739967897271264,28.74617737003058,46.08068176736427,Full Metrics,Tier 1
,Austin Nunez,PG,SR,6-2,170.0,"San Antonio, TX",,93.13,Expected,,,2958.0,UTSA,-2.47,-1.41,-3.88,1021.0,-2.57,-0.2,-2.77,91.9,119.7,-27.8,18.417047184170475,14.785214785214784,0.6420545746388449,3.058103975535168,11.650249081229932,Full Metrics,Tier 1
,Malique Ewin,PF,SR,6-10,220.0,"Lilburn, GA",,93.05,Expected,,,157.0,Arkansas,4.38,1.39,5.77,1408.0,3.31,2.09,5.41,130.2,101.5,28.7,61.03500761035008,83.21678321678323,78.08988764044943,89.44954128440367,74.25360756908627,Full Metrics,Tier 1
,Sencire Harris,SG,RS-JR,6-3,160.0,"Akron, OH",,93.02,,4/07/2026,,489.0,Cincinnati,-0.18,3.83,3.65,918.0,0.25,2.11,2.36,105.1,89.8,15.3,98.17351598173516,37.66233766233767,61.075441412520064,68.96024464831804,71.2441157880302,Full Metrics,Tier 1
,Darrion Sutton,SF,SO,6-8,182.0,"Saint Louis, MO",,92.96,,4/07/2026,,2062.0,Missouri State,-0.17,-0.42,-0.58,664.0,0.08,0.91,0.98,105.8,115.0,-9.2,33.48554033485541,37.76223776223777,27.126805778491168,31.498470948012233,32.98490737240167,Full Metrics,Tier 1
,Tre Holloman,PG,SR,6-2,175.0,"Saint Paul, MN",,92.91,,4/17/2026,,539.0,NC State,2.46,0.95,3.4,1429.0,2.33,1.16,3.49,118.4,101.7,16.7,54.337899543378995,64.03596403596404,59.06902086677367,71.10091743119266,60.22309261437624,Full Metrics,Tier 1
,Miles Goodman,PF,SO,6-11,230.0,"Seattle, WA",,92.79,Expected,,,2855.0,UT Arlington,-3.95,0.76,-3.19,615.0,-3.53,0.12,-3.41,88.8,101.0,-12.2,51.44596651445967,0.0,6.179775280898873,26.911314984709477,25.851038909670066,Full Metrics,Tier 1
,Denver Anglin,SG,SR,6-2,185.0,"Montclair, NJ",,92.34,Expected,,,2350.0,Iona,-0.56,-0.74,-1.29,1501.0,-0.74,-1.39,-2.13,101.4,106.8,-5.5,28.614916286149167,33.86613386613387,21.428571428571423,37.15596330275229,29.771608762120266,Full Metrics,Tier 1
,Prince Aligbe,SF,SR,6-7,225.0,"Minneapolis, MN",,92.20,,4/21/2026,,2318.0,Southern Illinois,-1.89,0.67,-1.22,1116.0,-2.05,-0.36,-2.42,99.4,99.6,-0.2,50.076103500761036,20.57942057942058,21.990369181380416,45.25993883792049,36.36236120712372,Full Metrics,Tier 1
,Jace Posey,SG,RS-SO,6-4,190.0,"Houston, TX",,92.04,Expected,,,1389.0,TCU,0.9,-0.01,0.9,526.0,-1.01,-0.05,-1.07,117.2,104.0,13.2,39.726027397260275,48.45154845154846,39.004815409309785,65.7492354740061,45.6666464747541,Full Metrics,Tier 1
,Isaiah Coleman,SG,JR,6-5,180.0,"Fredericksburg, VA",,91.97,,4/08/2026,,1411.0,Oklahoma State,-0.08,0.92,0.84,1176.0,-0.62,0.83,0.21,110.7,105.6,5.0,53.881278538812786,38.66133866133867,38.523274478330656,53.21100917431192,46.9041523526727,Full Metrics,Tier 1
,Tyler Jackson,SG,FR,6-2,152.0,"Baltimore, MD",,91.45,,4/07/2026,,2229.0,Eastern Kentucky,-0.11,-0.88,-0.99,512.0,0.03,0.45,0.48,104.7,119.0,-14.3,26.484018264840188,38.36163836163836,23.83627608346709,23.700305810397552,28.506317984598716,Full Metrics,Tier 1
,Jayden Pierre,PG,SR,6-2,165.0,"Elizabeth, NJ",,91.44,,4/20/2026,,283.0,TCU,2.54,2.16,4.7,1840.0,2.45,1.18,3.63,113.3,93.0,20.2,72.75494672754948,64.83516483516485,69.5024077046549,76.4525993883792,70.67914134899887,Full Metrics,Tier 1
,Jakai Newton,SG,JR,6-4,190.0,"Covington, GA",,91.31,Expected,,,2103.0,Georgia State,-1.11,0.45,-0.66,580.0,-1.33,0.13,-1.2,95.6,107.5,-11.9,46.727549467275495,28.371628371628375,26.484751203852326,27.370030581039753,35.18638170774372,Full Metrics,Tier 1
,Ryan Agarwal,SG,SR,6-6,190.0,"Coppell, TX",,91.26,,4/07/2026,,1305.0,Stanford,0.35,0.72,1.07,1215.0,-0.92,0.76,-0.16,111.5,102.7,8.8,50.83713850837139,42.95704295704296,40.36918138041733,59.02140672782874,48.00116342786707,Full Metrics,Tier 1
,Assane Diop,PF,JR,6-10,190.0,"Denver, CO",,90.96,,4/08/2026,,2212.0,San Diego,-0.75,-0.18,-0.93,828.0,-0.04,-0.26,-0.3,102.0,113.1,-11.1,37.138508371385086,31.968031968031973,24.317817014446224,28.593272171253822,31.999965569139345,Full Metrics,Tier 1
,Aaron Clark,SG,JR,6-6,195.0,"Easton, PA",,90.56,,4/07/2026,,1658.0,Pepperdine,0.9,-0.61,0.29,1714.0,1.26,0.01,1.27,101.5,112.7,-11.2,30.593607305936075,48.45154845154846,34.1091492776886,28.44036697247706,35.438214936670825,Full Metrics,Tier 1
,Joseph Pinion,SG,SR,6-6,180.0,"Morrilton, AR",,90.50,,4/20/2026,,178.0,South Florida,3.8,1.75,5.54,1852.0,4.11,0.88,4.99,115.6,96.8,18.9,66.5144596651446,77.42257742257743,76.24398073836275,74.46483180428133,72.37994914001695,Full Metrics,Tier 1
,Mason Blackwood,SF,FR,6-7,210.0,"Rochester, NY",,90.47,,4/06/2026,,2612.0,Penn State,-0.33,-1.69,-2.02,508.0,-1.1,-0.63,-1.73,108.6,119.4,-10.8,14.155251141552515,36.163836163836166,15.56982343499197,29.051987767584095,22.174822349716056,Full Metrics,Tier 1
,Josh Hill,PF,SO,6-11,180.0,"Marietta, GA",,90.16,,4/21/2026,,2757.0,Robert Morris,-2.16,-0.48,-2.65,571.0,-2.7,0.01,-2.68,102.9,111.7,-8.8,32.57229832572298,17.882117882117882,10.513643659711075,32.11009174311926,24.418691294228765,Full Metrics,Tier 1
,Josiah Harris,PF,SR,6-7,200.0,"Cleveland, OH",,89.76,,4/13/2026,,2094.0,Cleveland State,0.81,-1.45,-0.64,1013.0,0.69,-0.1,0.59,106.6,123.3,-16.7,17.808219178082194,47.55244755244756,26.645264847512035,20.03058103975535,27.345039684810477,Full Metrics,Tier 1
,Dasonte Bowen,PG,SR,6-3,165.0,"Worcester, MA",,89.74,Expected,,,1040.0,Saint Bonaventure,1.69,0.07,1.76,1900.0,1.94,0.08,2.02,111.0,107.5,3.5,40.94368340943684,56.34365634365635,45.90690208667736,50.917431192660544,47.28238254592338,Full Metrics,Tier 1
,Mari Jordan,SG,JR,6-6,185.0,"Dacula, GA",,89.47,,4/09/2026,,1766.0,Radford,0.21,-0.15,0.05,674.0,0.69,-0.06,0.63,103.2,111.5,-8.2,37.595129375951295,41.558441558441565,32.18298555377207,33.027522935779814,36.81838769111229,Full Metrics,Tier 1
,Jeremiah Johnson,SG,SO,6-3,170.0,"Oklahoma City, OK",,89.41,,3/20/2026,,787.0,Campbell,3.07,-0.51,2.55,1512.0,2.51,-0.54,1.98,112.1,110.5,1.6,32.115677321156774,70.12987012987014,52.247191011235955,48.01223241590213,48.030011525562756,Full Metrics,Tier 1
,Josh Reed,SG,SR,6-6,195.0,"Atlanta, GA",,89.35,,4/14/2026,,937.0,Penn State,2.03,0.05,2.08,1519.0,2.45,0.91,3.36,110.0,111.2,-1.3,40.6392694063927,59.740259740259745,48.47512038523274,43.57798165137614,47.422494022374984,Full Metrics,Tier 1
,MJ Collins,SG,SR,6-4,190.0,"Rock Hill, SC",,$482K,,4/08/2026,,177.0,Utah State,4.78,0.77,5.55,1876.0,4.84,-0.1,4.73,122.7,97.1,25.5,51.59817351598174,87.21278721278722,76.32423756019261,84.55657492354739,70.39079996016014,Full Metrics,Tier 1
,Caden Diggs,SF,SO,6-7,180.0,"Washington, DC",,86.67,,4/08/2026,,1671.0,UMBC,0.07,0.19,0.26,1166.0,-0.56,-0.93,-1.49,107.0,105.1,1.9,42.77016742770168,40.159840159840165,33.86837881219903,48.47094801223241,41.19234497531538,Full Metrics,Tier 1
,Baba Miller,PF,SR,6-10,180.0,Madrid,,86.67,,4/16/2026,,76.0,Cincinnati,3.28,3.95,7.23,1700.0,4.33,2.85,7.18,109.3,91.4,17.9,100.0,72.22777222777223,89.80738362760835,72.93577981651376,86.95878675494178,Full Metrics,Tier 1
,Justin Johnson,SF,SO,6-7,185.0,"Miami, FL",,86.60,,4/10/2026,,2150.0,Western Carolina,-0.13,-0.65,-0.78,727.0,-1.28,0.11,-1.18,108.5,113.8,-5.3,29.984779299847794,38.16183816183817,25.521669341894057,37.461773700305805,32.257971183823344,Full Metrics,Tier 1
,RJ Godfrey,SF,SR,6-7,210.0,"Suwanee, GA",,86.40,,4/21/2026,,104.0,Clemson,3.44,3.16,6.59,1410.0,3.51,1.71,5.23,117.5,92.3,25.2,87.97564687975648,73.82617382617383,84.67094703049759,84.09785932721712,83.19567051362813,Full Metrics,Tier 1
,Kaidon Rayfield,PF,FR,6-7,180.0,"Oklahoma City, OK",,86.17,,4/07/2026,,2309.0,UTSA,-1.74,0.54,-1.2,817.0,-1.43,0.85,-0.58,93.4,112.6,-19.2,48.09741248097413,22.077922077922082,22.150882825040128,16.207951070336392,31.61981473742866,Full Metrics,Tier 1
,Kachi Nzeh,PF,JR,6-9,220.0,"Newtown, PA",,85.76,Expected,,,2205.0,Arkansas-Little Rock,-0.38,-0.52,-0.9,1454.0,0.98,-0.4,0.57,96.9,111.3,-14.4,31.963470319634705,35.66433566433567,24.55858747993579,23.547400611620795,30.145299631668074,Full Metrics,Tier 1
,Jaden Smith,C,SO,6-11,200.0,"Chicago, IL",,85.67,,4/08/2026,,2703.0,Saint Joseph's,-2.13,-0.25,-2.38,502.0,-1.79,-0.01,-1.8,98.0,107.1,-9.1,36.073059360730596,18.181818181818187,12.680577849117174,31.65137614678899,26.258500281588567,Full Metrics,Tier 1
,Leland Walker,SG,SR,6-0,155.0,"Indianapolis, IN",,85.35,,4/17/2026,,885.0,Wyoming,2.35,-0.1,2.25,1546.0,2.92,0.51,3.43,110.3,108.4,1.9,38.35616438356165,62.93706293706295,49.83948635634029,48.47094801223241,48.31527096079331,Full Metrics,Tier 1
,Comeh Emuobor,SF,JR,6-5,190.0,"Raleigh, NC",,85.30,,4/07/2026,,2880.0,New Hampshire,-1.61,-1.73,-3.33,839.0,-3.37,-1.37,-4.74,96.3,116.6,-20.3,13.546423135464234,23.376623376623378,5.056179775280896,14.525993883792047,14.452860135966525,Full Metrics,Tier 1
,Alden Applewhite,SF,SR,6-7,210.0,"Chandler, AZ",,85.10,,4/21/2026,,1135.0,Georgia Southern,2.15,-0.63,1.52,1984.0,2.39,-0.52,1.87,107.9,112.6,-4.7,30.28919330289194,60.939060939060944,43.98073836276083,38.37920489296636,41.903470962419135,Full Metrics,Tier 1
,R'Chaun King,PF,SO,6-6,210.0,"Memphis, TN",,85.05,,4/17/2026,,2645.0,Alabama State,-1.15,-1.01,-2.16,631.0,0.08,-1.04,-0.97,96.8,112.2,-15.4,24.505327245053273,27.972027972027977,14.446227929373993,22.01834862385321,22.987135770481085,Full Metrics,Tier 1
,Derek Simpson,PG,SR,6-3,170.0,"Mount Laurel, NJ",,84.53,,4/21/2026,,394.0,Saint Joseph's,2.68,1.42,4.1,2016.0,4.3,0.87,5.17,103.4,100.4,3.1,61.49162861491629,66.23376623376625,64.68699839486356,50.305810397553515,61.63836424301381,Full Metrics,Tier 1
,Paul Djobet,SG,JR,6-6,185.0,"Fairburn, GA",,84.42,,4/08/2026,,961.0,Omaha,1.62,0.38,2.0,1035.0,1.78,0.24,2.03,104.7,108.7,-4.0,45.662100456621005,55.644355644355656,47.833065810593894,39.449541284403665,47.659973448516645,Full Metrics,Tier 1
,Tom House,SF,SR,6-6,200.0,"Dayton, OH",,84.28,,4/16/2026,,1869.0,Furman,0.27,-0.42,-0.15,1262.0,0.37,-0.91,-0.54,104.9,104.4,0.5,33.48554033485541,42.15784215784216,30.577849117174956,46.330275229357795,36.99878778124137,Full Metrics,Tier 1
,Davius Loury,PF,SO,6-7,205.0,"Chicago, IL",,84.28,,4/07/2026,,2693.0,Cal State Northridge,-2.17,-0.15,-2.32,976.0,-1.57,-0.78,-2.35,100.4,105.6,-5.2,37.595129375951295,17.782217782217785,13.162118780096307,37.61467889908256,27.75823178681661,Full Metrics,Tier 1
,Chauncey Wiggins,PF,SR,6-9,190.0,"Loganville, GA",,84.25,,4/13/2026,,694.0,Florida State,2.6,0.22,2.82,1586.0,3.84,-0.07,3.78,112.3,102.0,10.3,43.22678843226789,65.43456543456544,54.41412520064205,61.314984709480115,53.72942947809894,Full Metrics,Tier 1
,Tyler Harris,SF,JR,6-7,180.0,"Newark, CA",,83.78,,4/07/2026,,532.0,Vanderbilt,1.01,2.42,3.42,700.0,-0.57,0.5,-0.06,123.6,89.3,34.3,76.7123287671233,49.55044955044956,59.22953451043338,98.01223241590213,69.62028565893371,Full Metrics,Tier 1
,Jordan Pope,PG,SR,6-2,165.0,"Napa, CA",,83.50,,4/21/2026,,286.0,Texas,4.11,0.56,4.67,1738.0,3.62,0.33,3.95,121.6,100.8,20.8,48.40182648401827,80.51948051948054,69.26163723916532,77.37003058103974,64.94843275846647,Full Metrics,Tier 1
,KJ Tenner,PG,SO,5-10,165.0,"Cordova, TN",,83.28,,4/18/2026,,1437.0,Murray State,1.07,-0.27,0.79,1001.0,2.11,-0.25,1.86,108.5,109.8,-1.3,35.76864535768645,50.14985014985015,38.121990369181376,43.57798165137614,41.00601600207982,Full Metrics,Tier 1
,Karris Bilal,PG,SO,6-2,180.0,"Atlanta, GA",,83.25,,4/15/2026,,2713.0,Louisiana-Lafayette,-1.2,-1.23,-2.43,702.0,-2.3,-0.71,-3.01,99.6,113.3,-13.7,21.156773211567735,27.472527472527474,12.279293739967894,24.617737003058103,21.479360451211257,Full Metrics,Tier 1
,Marcus Wilson,SG,SO,6-2,170.0,"Albuquerque, NM",,83.25,,4/09/2026,,1123.0,UC Davis,1.41,0.13,1.54,1470.0,1.39,-0.0,1.38,104.9,106.9,-1.9,41.856925418569254,53.54645354645355,44.141252006420544,42.66055045871559,45.35671652413254,Full Metrics,Tier 1
,Isaiah Watts,PG,JR,6-3,180.0,"South Kent, CT",,83.25,,4/10/2026,,832.0,Maryland,0.79,1.63,2.43,946.0,-1.0,1.66,0.66,111.6,103.2,8.3,64.68797564687975,47.35264735264736,51.28410914927768,58.256880733944946,56.70870603686102,Full Metrics,Tier 1
,Adrian Myers,PF,JR,6-7,185.0,"Woodstock, VA",,82.75,,4/17/2026,,1585.0,San Jose State,0.97,-0.54,0.43,1318.0,1.75,0.95,2.7,105.6,117.6,-12.1,31.659056316590565,49.150849150849155,35.23274478330658,27.06422018348624,36.05751679853277,Full Metrics,Tier 1
,Jaiun Simon,SF,RS-SO,6-6,190.0,"Mableton, GA",,82.25,Expected,,,1043.0,Dayton,0.59,1.15,1.74,1078.0,1.27,0.86,2.13,108.1,97.2,10.9,57.38203957382039,45.354645354645356,45.74638844301765,62.232415902140666,52.77561724211414,Full Metrics,Tier 1
,Nigel Burris,SF,SR,6-6,205.0,"San Jose, CA",,82.25,,4/09/2026,,2005.0,Weber State,0.79,-1.26,-0.47,1256.0,1.47,-0.37,1.1,107.7,116.2,-8.5,20.700152207001526,47.35264735264736,28.00963081861958,32.568807339449535,30.605469985603797,Full Metrics,Tier 1
,Harun Zrno,SG,FR,6-6,205.0,Sarajevo,,82.00,,4/07/2026,,1934.0,Rutgers,0.23,-0.53,-0.3,1083.0,-0.04,-0.55,-0.59,106.0,107.1,-1.1,31.811263318112637,41.758241758241766,29.373996789727123,43.88379204892966,35.62143393209037,Full Metrics,Tier 1
,Jalen Lee,SG,SO,6-4,180.0,"Mableton, GA",,82.00,,4/07/2026,,2964.0,Southern Utah,-2.37,-1.56,-3.93,524.0,-2.05,-0.98,-3.02,94.2,115.5,-21.3,16.133942161339423,15.784215784215785,0.2407704654895646,12.996941896024467,12.3973261880913,Full Metrics,Tier 1
,Bowen Hardman,SG,SR,6-3,160.0,"Cincinnati, OH",,81.80,,4/07/2026,,1910.0,Akron,1.22,-1.46,-0.24,1072.0,1.58,-2.17,-0.59,113.9,105.2,8.6,17.656012176560125,51.64835164835165,29.85553772070626,58.71559633027522,34.7529397763945,Full Metrics,Tier 1
,Cam Amboree,SG,SR,6-2,155.0,"Pearland, TX",,81.00,,4/20/2026,,2136.0,Southern,-0.42,-0.33,-0.74,1210.0,-0.25,-0.96,-1.21,99.7,108.8,-9.1,34.855403348554034,35.26473526473527,25.84269662921348,31.65137614678899,32.67459090346648,Full Metrics,Tier 1
,Micah Handlogten,C,SR,7-0,190.0,"Huntersville, NC",,81.00,Expected,,,291.0,Florida,2.36,2.26,4.62,900.0,2.12,2.66,4.78,122.6,96.1,26.5,74.27701674277017,63.036963036963044,68.86035313001605,86.08562691131498,72.15496211904929,Full Metrics,Tier 1
,Nate Calmese,SG,SR,6-3,170.0,"Gilbert, AZ",,80.00,,4/20/2026,,302.0,Wake Forest,3.54,1.01,4.55,1148.0,4.19,1.07,5.26,115.7,100.7,15.0,55.25114155251142,74.82517482517483,68.29855537720707,68.50152905198776,64.74169076053785,Full Metrics,Tier 1
,Chendall Weaver,SG,SR,6-3,165.0,"Mansfield, TX",,,,4/21/2026,,466.0,Texas,3.55,0.22,3.77,1219.0,1.67,1.63,3.29,127.0,107.9,19.1,43.22678843226789,74.92507492507494,62.03852327447832,74.77064220183486,59.645285089346785,Full Metrics,Tier 1
,Max Pikaar,PF,SO,6-11,200.0,Amsterdam,,,,4/21/2026,,2539.0,Southern Illinois,-2.44,0.61,-1.83,504.0,-2.3,0.45,-1.85,96.0,100.2,-4.2,49.16286149162862,15.084915084915089,17.094703049759225,39.14373088685015,32.72687361085959,Full Metrics,Tier 1
,Mikkel Tyne,SG,JR,5-10,180.0,"Cumberland, MD",,,,4/01/2026,,2116.0,Richmond,-0.14,-0.55,-0.69,980.0,-0.24,-0.54,-0.78,109.2,109.1,0.1,31.506849315068493,38.061938061938065,26.243980738362758,45.71865443425076,34.224818554322084,Full Metrics,Tier 1
,Derin Saran,PG,JR,6-3,180.0,"Asheville, NC",,,,4/09/2026,,1440.0,UC Irvine,-1.13,1.92,0.79,1768.0,-0.54,0.47,-0.07,99.1,95.2,3.9,69.10197869101978,28.171828171828174,38.121990369181376,51.52905198776758,50.03750439136637,Full Metrics,Tier 1
,MJ Thomas,SF,SO,6-5,,"Calvert, TX",,,,4/07/2026,,1092.0,New Orleans,1.44,0.19,1.63,1508.0,1.73,0.61,2.34,105.0,110.4,-5.4,42.77016742770168,53.846153846153854,44.86356340288924,37.30886850152905,45.13864838842634,Full Metrics,Tier 1
,Trey Campbell,PG,SR,6-4,195.0,"Cedar Falls, IA",,,,4/17/2026,,285.0,Northern Iowa,2.11,2.56,4.68,1908.0,2.27,1.24,3.51,106.8,94.9,11.9,78.84322678843228,60.53946053946055,69.34189406099517,63.761467889908246,70.10475484592332,Full Metrics,Tier 1
,Kenyon Giles,PG,SR,5-11,165.0,"Chesapeake, VA",,,,4/17/2026,,392.0,Wichita State,3.1,1.0,4.1,2190.0,3.13,0.3,3.43,110.4,98.0,12.4,55.09893455098935,70.42957042957045,64.68699839486356,64.52599388379204,62.26326518932987,Full Metrics,Tier 1
,AJ Smith,SG,SR,6-3,190.0,"Charlotte, NC",,,,4/17/2026,,703.0,Bradley,1.31,1.48,2.79,1445.0,1.15,1.18,2.33,110.5,102.5,8.0,62.40487062404871,52.54745254745255,54.173354735152486,57.798165137614674,57.60320710415532,Full Metrics,Tier 1
,Demari Williams,SG,SR,6-6,210.0,"Glendale, AZ",,,Expected,,,2258.0,Houston Christian,0.11,-1.17,-1.06,995.0,1.3,-0.81,0.49,98.3,113.1,-14.8,22.070015220700157,40.55944055944057,23.274478330658102,22.935779816513758,27.06312886674889,Full Metrics,Tier 1
,Dionjahe Thomas,PF,RS-JR,6-8,236.0,"Houma, LA",,,Expected,,,2886.0,Jackson State,-1.7,-1.67,-3.37,736.0,-2.35,-0.55,-2.9,97.3,122.0,-24.6,14.459665144596656,22.47752247752248,4.735152487961475,7.951070336391439,13.542937725270292,Full Metrics,Tier 1
,Cam Thrower,SG,RS-JR,6-3,180.0,"Studio City, CA",,,,3/27/2026,,1798.0,Penn,0.19,-0.2,-0.01,764.0,-0.2,-0.82,-1.02,105.6,102.7,2.9,36.83409436834095,41.358641358641364,31.701444622792934,49.99999999999999,38.91358701155531,Full Metrics,Tier 1
,Karson Templin,PF,JR,6-6,205.0,"Lucas, TX",,,Expected,,,354.0,Utah State,2.6,1.66,4.26,1156.0,2.13,1.39,3.52,120.6,99.6,21.0,65.14459665144597,65.43456543456544,65.97110754414125,77.67584097859327,67.26207767483699,Full Metrics,Tier 1
,Josh Dixon,PG,FR,6-1,165.0,"Milton, GA",,,Expected,,,2475.0,Milwaukee,0.56,-2.15,-1.6,1000.0,-0.34,-0.57,-0.91,106.8,120.0,-13.2,7.153729071537292,45.05494505494506,18.940609951845904,25.382262996941897,21.720689332261646,Full Metrics,Tier 1
,Max Burton,PF,SR,6-9,230.0,"Williamston, MI",,,,3/30/2026,,2204.0,Western Michigan,-0.16,-0.73,-0.89,1196.0,-0.15,-0.33,-0.49,103.7,115.5,-11.9,28.767123287671236,37.862137862137864,24.638844301765648,27.370030581039753,30.005657228112053,Full Metrics,Tier 1
,KJ Thomas,PG,SO,6-1,175.0,"Canyon, TX",,,Expected,,,2179.0,UTEP,-0.73,-0.1,-0.84,1346.0,-0.57,-0.0,-0.57,99.4,108.1,-8.7,38.35616438356165,32.167832167832174,25.040128410914924,32.26299694189602,33.23189901885009,Full Metrics,Tier 1
,TJ Johnson,SF,RS-JR,6-6,195.0,"Temple, TX",,,Expected,,,1906.0,VMI,1.03,-1.27,-0.24,1792.0,1.87,0.28,2.15,96.0,121.8,-25.9,20.547945205479454,49.75024975024976,29.85553772070626,5.963302752293579,27.52234347673951,Full Metrics,Tier 1
,Zaon Collins,PG,JR,6-1,165.0,"Las Vegas, NV",,,Expected,,,825.0,Fresno State,1.46,0.98,2.45,1350.0,0.95,1.17,2.12,105.9,104.0,2.0,54.79452054794521,54.04595404595405,51.444622792937395,48.62385321100917,53.01179927090545,Full Metrics,Tier 1
,Jayden Fort,PF,SO,6-8,210.0,"Washington, DC",,,,4/01/2026,,1678.0,Georgetown,0.03,0.21,0.24,752.0,0.18,-0.1,0.08,110.3,101.7,8.6,43.074581430745816,39.76023976023976,33.70786516853932,58.71559633027522,42.718804995607414,Full Metrics,Tier 1
,Josiah Davis,PG,SR,6-1,190.0,"Scott Depot, WV",,,Expected,,,1540.0,Cal State Northridge,0.99,-0.46,0.53,2062.0,1.78,0.11,1.89,104.2,109.5,-5.3,32.87671232876713,49.350649350649356,36.03531300160513,37.461773700305805,38.31467592453609,Full Metrics,Tier 1
,Ja'Corey Robinson,PG,FR,6-6,205.0,"Topeka, KS",,,,4/01/2026,,1445.0,Austin Peay,0.24,0.53,0.77,818.0,0.22,0.78,1.0,108.9,105.4,3.5,47.945205479452056,41.85814185814186,37.96147672552166,50.917431192660544,44.872527680319706,Full Metrics,Tier 1
,Ramone Seals,SF,SO,6-5,190.0,"Tampa, FL",,,,4/01/2026,,1628.0,Kennesaw State,-0.25,0.59,0.34,626.0,0.2,-0.1,0.1,107.7,100.7,7.0,48.858447488584474,36.96303696303697,34.51043338683788,56.26911314984709,44.12659188603767,Full Metrics,Tier 1
,Christian Alston,SF,SO,6-5,165.0,"Memphis, TN",,,,4/06/2026,,2968.0,Abilene Christian,-3.39,-0.57,-3.96,530.0,-3.33,-0.24,-3.57,86.3,109.2,-22.9,31.202435312024356,5.594405594405593,0.0,10.550458715596335,15.462144330750592,Full Metrics,Tier 1
,Sharod Barnes,SG,FR,6-2,170.0,"West Bloomfield, MI",,,,4/07/2026,,2847.0,Western Michigan,-2.11,-1.02,-3.13,576.0,-2.61,-0.12,-2.73,96.8,117.0,-20.2,24.353120243531205,18.381618381618384,6.66131621187801,14.678899082568808,17.870750797578,Full Metrics,Tier 1
,Jaxon Prunty,SG,RS-FR,6-5,170.0,"Charlotte, NC",,,,4/07/2026,,1848.0,College of Charleston,0.68,-0.79,-0.11,850.0,-0.36,-1.14,-1.5,110.6,107.0,3.6,27.853881278538815,46.25374625374626,30.89887640449438,51.0703363914373,36.545314814466565,Full Metrics,Tier 1
226.0,Quadir Martin,PF,SO,6-5,215.0,"Staten Island, NY",92.0,,Expected,,,,,,,,,,,,,,,,,,,92.0,ON3 Only,Tier 2
221.0,Mihailo Petrovic,PG,FR,6-3,,Belgrade,91.0,,,4/11/2026,,,,,,,,,,,,,,,,,,91.0,ON3 Only,Tier 2
223.0,Daeshun Ruffin,PG,RS-SR,5-9,160.0,"Jackson, MS",91.0,,Expected,,,,,,,,,,,,,,,,,,,91.0,ON3 Only,Tier 2
,Ryan Blount,SF,SO,6-6,205.0,"Oviedo, FL",90.0,,Expected,,,,,,,,,,,,,,,,,,,90.0,ON3 Only,Tier 2
,Ja'Quay Randolph,C,JR,6-10,240.0,"Tallahassee, FL",89.0,,,3/17/2026,,,,,,,,,,,,,,,,,,89.0,ON3 Only,Tier 2
,Lazerek Houston,PG,FR,6-0,155.0,"Lincoln, NE",89.0,,Expected,,,,,,,,,,,,,,,,,,,89.0,ON3 Only,Tier 2
,Bernie Blunt III,PG,SR,5-11,180.0,"Morgantown, PA",89.0,,,3/24/2026,,,,,,,,,,,,,,,,,,89.0,ON3 Only,Tier 2
,Daquan Davis,PG,SO,6-1,173.0,"Baltimore, MD",89.0,92.21,Expected,,,,,,,,,,,,,,,,,,,89.0,ON3 Only,Tier 2
,Anthony Robinson,PF,JR,6-10,230.0,"Peachtree City, GA",89.0,82.25,Expected,,,,,,,,,,,,,,,,,,,89.0,ON3 Only,Tier 2
,JoJo Wallace,SG,SO,6-3,180.0,"Milford, CT",89.0,,,3/17/2026,,,,,,,,,,,,,,,,,,89.0,ON3 Only,Tier 2
,Trey Simmons,SG,SO,6-1,,"Gaithersburg, MD",88.0,,Expected,,,,,,,,,,,,,,,,,,,88.0,ON3 Only,Tier 2
,Robert Davis,SG,JR,6-6,175.0,"Detroit, MI",88.0,,,3/24/2026,,,,,,,,,,,,,,,,,,88.0,ON3 Only,Tier 2
,Justin Payne,SG,SO,5-11,,"Athens, GA",88.0,,Expected,,,,,,,,,,,,,,,,,,,88.0,ON3 Only,Tier 2
,Tre Norman,SG,JR,6-3,175.0,"Worcester, MA",88.0,92.63,,3/31/2026,,,,,,,,,,,,,,,,,,88.0,ON3 Only,Tier 2
,Marqus Mitrovic Marion,PF,RS-SO,6-8,210.0,Copenhagen,88.0,84.67,,3/26/2026,,,,,,,,,,,,,,,,,,88.0,ON3 Only,Tier 2
,Jevon Hill,PF,SR,6-9,190.0,"Wichita, KS",88.0,,Expected,,,,,,,,,,,,,,,,,,,88.0,ON3 Only,Tier 2
,Mike Mora,SG,RS-SO,6-6,210.0,"Palo Alto, CA",88.0,,,3/11/2026,,,,,,,,,,,,,,,,,,88.0,ON3 Only,Tier 2
,Antonio Pusateri,PF,JR,6-7,200.0,"San Francisco, CA",88.0,,Expected,,,,,,,,,,,,,,,,,,,88.0,ON3 Only,Tier 2
,Will Fowler,SG,SO,6-2,,"Greenville, SC",87.0,,Expected,,,,,,,,,,,,,,,,,,,87.0,ON3 Only,Tier 2
,Alfred Worrell,SG,SR,6-4,200.0,"Silver Spring, MD",87.0,,Expected,,,,,,,,,,,,,,,,,,,87.0,ON3 Only,Tier 2
,Jahki Howard,SF,SO,6-6,180.0,"Boston, MA",87.0,94.05,Expected,,,,,,,,,,,,,,,,,,,87.0,ON3 Only,Tier 2
,Reid Ducharme,SG,JR,6-6,180.0,"Boston, MA",86.0,92.12,Expected,,,,,,,,,,,,,,,,,,,86.0,ON3 Only,Tier 2
,Travonne Jackson,SG,RS-JR,6-7,195.0,"Akron, OH",85.0,,,3/31/2026,,,,,,,,,,,,,,,,,,85.0,ON3 Only,Tier 2
,Omar Adegbola,SG,RS-SO,6-4,205.0,"Houston, TX",85.0,,Expected,,,,,,,,,,,,,,,,,,,85.0,ON3 Only,Tier 2
,Tyler Wagner,SG,FR,6-5,175.0,"Minneapolis, MN",85.0,,Expected,,,,,,,,,,,,,,,,,,,85.0,ON3 Only,Tier 2
,Vincent Iwuchukwu,C,SR,6-11,220.0,"San Antonio, TX",,97.39,,4/20/2026,,,,,,,,,,,,,,,,,,,Physical Profile Only,Tier 3 - Development
,Isaiah Miranda,PF,SR,7-1,205.0,"Pawtucket, RI",,96.33,,4/17/2026,,,,,,,,,,,,,,,,,,,Physical Profile Only,Tier 3 - Development
,Niko Bundalo,PF,FR,6-10,205.0,"Uniontown, OH",,96.27,,4/21/2026,,,,,,,,,,,,,,,,,,,Physical Profile Only,Tier 3 - Development
,Sam Walters,PF,JR,6-9,180.0,"The Villages, FL",,94.32,,4/02/2026,,,,,,,,,,,,,,,,,,,Physical Profile Only,Tier 3 - Development
,Papa Kante,C,JR,6-10,225.0,"South Kent, CT",,93.49,,4/09/2026,,,,,,,,,,,,,,,,,,,Physical Profile Only,Tier 3 - Development
,Dylan Anderson,PF,RS-JR,7-0,215.0,"Gilbert, AZ",,93.03,,4/09/2026,,,,,,,,,,,,,,,,,,,Physical Profile Only,Tier 3 - Development
,Jordan Butler,PF,JR,7-0,240.0,"Greenville, SC",,92.91,,3/23/2026,,,,,,,,,,,,,,,,,,,Physical Profile Only,Tier 3 - Development
,Emmanuel Stephen,C,SO,7-0,215.0,"Glendale, AZ",,92.83,,4/07/2026,,,,,,,,,,,,,,,,,,,Physical Profile Only,Tier 3 - Development
,Macaleab Rich,PF,JR,6-7,225.0,"East St. Louis, IL",,91.69,,4/14/2026,,,,,,,,,,,,,,,,,,,Physical Profile Only,Tier 3 - Development
,Jack McCaffery,PF,FR,6-8,200.0,"Iowa City, IA",,91.23,,3/17/2026,,,,,,,,,,,,,,,,,,,Physical Profile Only,Tier 3 - Development
,Kebba Njie,PF,SR,6-10,237.0,"La Porte, IN",,90.07,,4/09/2026,,,,,,,,,,,,,,,,,,,Physical Profile Only,Tier 3 - Development
,Jevon Porter,PF,SR,6-11,230.0,"Columbia, MO",,88.69,,4/19/2026,,,,,,,,,,,,,,,,,,,Physical Profile Only,Tier 3 - Development
,Steven Solano,C,SO,6-11,230.0,"Virginia Beach, VA",,88.00,,4/08/2026,,,,,,,,,,,,,,,,,,,Physical Profile Only,Tier 3 - Development
,Cameron Barnes,PF,JR,6-10,210.0,"Dallas, TX",,87.67,,4/17/2026,,,,,,,,,,,,,,,,,,,Physical Profile Only,Tier 3 - Development
,Godswill Erheriene,C,SO,6-9,225.0,"Glen Head, NY",,87.16,,4/07/2026,,,,,,,,,,,,,,,,,,,Physical Profile Only,Tier 3 - Development
,Amdy Ndiaye,PF,SO,6-9,205.0,"Glen Head, NY",,86.17,,4/16/2026,,,,,,,,,,,,,,,,,,,Physical Profile Only,Tier 3 - Development
,Gai Chol,C,JR,7-0,235.0,"Decatur, GA",,86.17,Expected,,,,,,,,,,,,,,,,,,,,Physical Profile Only,Tier 3 - Development
,Sam Murray,PF,SR,6-7,190.0,"Gulfport, MS",,85.92,,4/15/2026,,,,,,,,,,,,,,,,,,,Physical Profile Only,Tier 3 - Development
,Emeka Opurum,C,SO,7-0,200.0,Lagos,,85.86,,4/22/2026,,,,,,,,,,,,,,,,,,,Physical Profile Only,Tier 3 - Development
,Devin Curtis,PF,JR,6-11,210.0,"Northridge, CA",,85.53,,4/08/2026,,,,,,,,,,,,,,,,,,,Physical Profile Only,Tier 3 - Development
,Justin Houser,C,FR,6-11,,"Camp Hill, PA",,85.33,,4/09/2026,,,,,,,,,,,,,,,,,,,Physical Profile Only,Tier 3 - Development
,Stephen Osei,C,SO,6-9,200.0,"Toronto, ON",,85.28,,3/30/2026,,,,,,,,,,,,,,,,,,,Physical Profile Only,Tier 3 - Development
,Jarred Hall,PF,JR,6-7,190.0,"Lebanon, TN",,85.17,,4/21/2026,,,,,,,,,,,,,,,,,,,Physical Profile Only,Tier 3 - Development
,Isaiah Manning,PF,RS-SO,6-7,200.0,"Mansfield, TX",,85.05,Expected,,,,,,,,,,,,,,,,,,,,Physical Profile Only,Tier 3 - Development
,Maurice Vassel,PF,SO,6-9,160.0,"Bronx, NY",,84.75,,4/07/2026,,,,,,,,,,,,,,,,,,,Physical Profile Only,Tier 3 - Development
,Braden Pierce,C,JR,7-0,230.0,"Woodstock, GA",,84.35,,4/08/2026,,,,,,,,,,,,,,,,,,,Physical Profile Only,Tier 3 - Development
,Dennis Scott,PF,SO,6-8,,"Atlanta, GA",,83.55,,4/09/2026,,,,,,,,,,,,,,,,,,,Physical Profile Only,Tier 3 - Development
,Gavin Marrs,PF,JR,6-11,200.0,"Ellensburg, WA",,83.50,Expected,,,,,,,,,,,,,,,,,,,,Physical Profile Only,Tier 3 - Development
,Christian Nitu,PF,SO,6-11,200.0,"Toronto, ON",,83.50,,4/09/2026,,,,,,,,,,,,,,,,,,,Physical Profile Only,Tier 3 - Development
,Donovan Raymond,PF,JR,6-9,205.0,"Charlotte, NC",,83.28,,4/07/2026,,,,,,,,,,,,,,,,,,,Physical Profile Only,Tier 3 - Development
,Nico Onyekwere,C,FR,7-1,240.0,"Glen Head, NY",,83.25,,4/08/2026,,,,,,,,,,,,,,,,,,,Physical Profile Only,Tier 3 - Development
,Richard Brisco,PF,SO,6-7,210.0,"Roselle, NJ",,83.05,,4/07/2026,,,,,,,,,,,,,,,,,,,Physical Profile Only,Tier 3 - Development
,Kyran Ratliff,PF,SR,6-8,190.0,"Shreveport, LA",,83.00,,4/13/2026,,,,,,,,,,,,,,,,,,,Physical Profile Only,Tier 3 - Development
,Sultan Adewale,PF,JR,6-7,205.0,"Saint Louis, MO",,82.25,,4/06/2026,,,,,,,,,,,,,,,,,,,Physical Profile Only,Tier 3 - Development
,Jeremiah Nyarko,PF,SR,6-8,205.0,"Bellflower, CA",,82.00,,4/07/2026,,,,,,,,,,,,,,,,,,,Physical Profile Only,Tier 3 - Development
,William Patterson,C,RS-SO,7-1,220.0,"Brooklyn, NY",,81.25,,4/09/2026,,,,,,,,,,,,,,,,,,,Physical Profile Only,Tier 3 - Development
,Karim Rtail,PF,FR,6-8,210.0,Klaipeda,,,,4/07/2026,,,,,,,,,,,,,,,,,,,Physical Profile Only,Tier 3 - Development
,Tafara Gapare,PF,SR,6-9,205.0,"Kent, CT",,,,4/07/2026,,,,,,,,,,,,,,,,,,,Physical Profile Only,Tier 3 - Development
,Godslove Nwabude,PF,SO,6-9,,"Lanham, MD",,,,4/07/2026,,,,,,,,,,,,,,,,,,,Physical Profile Only,Tier 3 - Development
,Jonah Funk,PF,FR,6-9,180.0,"El Paso, IL",,,,4/14/2026,,,,,,,,,,,,,,,,,,,Physical Profile Only,Tier 3 - Development
,AJ LaBeau,PF,RS-SO,7-0,215.0,"Boise, ID",,,,3/16/2026,,,,,,,,,,,,,,,,,,,Physical Profile Only,Tier 3 - Development
,Henri Adiassa,C,RS-JR,6-11,240.0,"Santa Monica, CA",,,,3/30/2026,,,,,,,,,,,,,,,,,,,Physical Profile Only,Tier 3 - Development
,Ron Jessamy,PF,JR,6-8,200.0,"Mouth Of Wilson, VA",,,Expected,,,,,,,,,,,,,,,,,,,,Physical Profile Only,Tier 3 - Development
,Paul Mbiya,C,FR,6-11,240.0,Kinshasa,,,Expected,,,,,,,,,,,,,,,,,,,,Physical Profile Only,Tier 3 - Development
,Xander Wedlow,C,SO,6-9,225.0,"Detroit, MI",,,Expected,,,,,,,,,,,,,,,,,,,,Physical Profile Only,Tier 3 - Development
,Darkaun King,PF,SO,6-6,230.0,"Dallas, TX",,,,4/07/2026,,,,,,,,,,,,,,,,,,,Physical Profile Only,Tier 3 - Development
